{
  "project_info": {
    "project_number": "972129459776",
    "firebase_url": "https://switchtest-7cc0c.firebaseio.com",
    "project_id": "switchtest-7cc0c",
    "storage_bucket": "switchtest-7cc0c.appspot.com"
  },
  "client": [
    {
      "client_info": {
        "mobilesdk_app_id": "1:972129459776:android:8092a5f2775413d4c309a5",
        "android_client_info": {
          "package_name": "com.example.dynamichomeauto"
        }
      },
      "oauth_client": [
        {
          "client_id": "972129459776-nlqbeib2d70h7d5h0aetn6h3retqua90.apps.googleusercontent.com",
          "client_type": 1,
          "android_info": {
            "package_name": "com.example.dynamichomeauto",
            "certificate_hash": "8ab52b17491ea91c1cf07043d7c2699b22d8e6bd"
          }
        },
        {
          "client_id": "972129459776-1s3nr6q9agd0bitt8pjqv07ionc7r0od.apps.googleusercontent.com",
          "client_type": 3
        }
      ],
      "api_key": [
        {
          "current_key": "AIzaSyCnEoEA6smM_QQ3F_fDlKsy7PuxfcBQzpE"
        }
      ],
      "services": {
        "appinvite_service": {
          "other_platform_oauth_client": [
            {
              "client_id": "972129459776-q0n4r1kpg99q80pcc8cmaemd5gm8v5tk.apps.googleusercontent.com",
              "client_type": 3
            }
          ]
        }
      }
    },
    {
      "client_info": {
        "mobilesdk_app_id": "1:972129459776:android:66be398550b82afac309a5",
        "android_client_info": {
          "package_name": "com.example.firebasetest225"
        }
      },
      "oauth_client": [
        {
          "client_id": "972129459776-qqt17f985q463n4pss8eknaaqf4u1qo3.apps.googleusercontent.com",
          "client_type": 1,
          "android_info": {
            "package_name": "com.example.firebasetest225",
            "certificate_hash": "8ab52b17491ea91c1cf07043d7c2699b22d8e6bd"
          }
        },
        {
          "client_id": "972129459776-1s3nr6q9agd0bitt8pjqv07ionc7r0od.apps.googleusercontent.com",
          "client_type": 3
        }
      ],
      "api_key": [
        {
          "current_key": "AIzaSyCnEoEA6smM_QQ3F_fDlKsy7PuxfcBQzpE"
        }
      ],
      "services": {
        "appinvite_service": {
          "other_platform_oauth_client": [
            {
              "client_id": "972129459776-q0n4r1kpg99q80pcc8cmaemd5gm8v5tk.apps.googleusercontent.com",
              "client_type": 3
            }
          ]
        }
      }
    },
    {
      "client_info": {
        "mobilesdk_app_id": "1:972129459776:android:c2cc4376ef56876dc309a5",
        "android_client_info": {
          "package_name": "in.avrn.switchtest"
        }
      },
      "oauth_client": [
        {
          "client_id": "972129459776-49cg491fhemuu82rhrg43nq4a9vvrmv5.apps.googleusercontent.com",
          "client_type": 1,
          "android_info": {
            "package_name": "in.avrn.switchtest",
            "certificate_hash": "37b44d4041f40bf04fcd5b2ff46f857ef1248ffc"
          }
        },
        {
          "client_id": "972129459776-87cca1hh4dsca88s97m200e320tbe169.apps.googleusercontent.com",
          "client_type": 1,
          "android_info": {
            "package_name": "in.avrn.switchtest",
            "certificate_hash": "6ecbe45e5563b7486b1bb82bc6aecbfe092143c0"
          }
        },
        {
          "client_id": "972129459776-1s3nr6q9agd0bitt8pjqv07ionc7r0od.apps.googleusercontent.com",
          "client_type": 3
        }
      ],
      "api_key": [
        {
          "current_key": "AIzaSyCnEoEA6smM_QQ3F_fDlKsy7PuxfcBQzpE"
        }
      ],
      "services": {
        "appinvite_service": {
          "other_platform_oauth_client": [
            {
              "client_id": "972129459776-q0n4r1kpg99q80pcc8cmaemd5gm8v5tk.apps.googleusercontent.com",
              "client_type": 3
            }
          ]
        }
      }
    }
  ],
  "configuration_version": "1"
}